dates,SE,S,NE,N
1931-01-01,69176.11,7387.349999999999,14094.05,15760.5
1931-02-01,102956.79000000001,3292.79,13144.06,25971.06
1931-03-01,106915.48999999999,3512.51,18853.32,33204.97
1931-04-01,80007.16,2356.11,20861.9,36111.530000000006
1931-05-01,54895.21000000001,17580.17,14266.9,23365.84
1931-06-01,40692.07000000001,16493.300000000003,7171.32,14841.51
1931-07-01,31931.000000000004,13096.779999999999,5548.71,6548.43
1931-08-01,25391.579999999998,5939.700000000001,4816.04,3990.76
1931-09-01,25899.559999999998,15376.47,4235.11,2831.43
1931-10-01,27643.270000000004,7805.219999999999,4023.61,3280.45
1931-11-01,31830.41,4491.79,5860.96,5933.650000000001
1931-12-01,47490.439999999995,5438.49,6244.92,8711.52
1932-01-01,69175.82999999999,5263.91,11116.15,15085.42
1932-02-01,76760.25,8039.3,13496.16,21284.72
1932-03-01,68424.84,8964.25,9693.53,26229.33
1932-04-01,51738.55000000001,22965.45,6153.28,19060.0
1932-05-01,40183.42,17059.14,4270.56,11872.710000000001
1932-06-01,35177.219999999994,14142.61,3849.64,6831.35
1932-07-01,27351.88,10018.95,3500.18,4599.58
1932-08-01,21315.63,7176.389999999999,2973.2,2756.87
1932-09-01,17881.36,13546.32,2711.4,2180.4900000000002
1932-10-01,25293.81,13659.32,2780.11,2576.3
1932-11-01,31531.48,5935.08,5511.59,4409.910000000001
1932-12-01,58410.79,7975.85,10204.56,8253.11
1933-01-01,79683.19999999998,2988.81,14863.35,13275.460000000001
1933-02-01,68398.18,3631.26,16864.82,23005.929999999997
1933-03-01,58315.77,3163.46,10330.98,25066.879999999997
1933-04-01,53248.02,1911.3799999999999,8669.95,26135.45
1933-05-01,38363.92999999999,2369.4700000000003,5977.71,21236.860000000004
1933-06-01,27964.67,2577.8199999999997,4063.0,9824.650000000001
1933-07-01,21738.12,2749.34,3772.61,4949.09
1933-08-01,17164.100000000002,4110.51,3276.61,2927.66
1933-09-01,16149.94,5905.33,2742.29,1949.74
1933-10-01,20988.69,11668.95,3246.57,2108.83
1933-11-01,22655.670000000002,4902.42,5562.54,5172.869999999999
1933-12-01,44321.990000000005,2065.8,9953.59,9720.03
1934-01-01,57423.659999999996,4145.91,17840.46,15581.369999999999
1934-02-01,52668.780000000006,8993.98,14134.09,20308.390000000003
1934-03-01,52046.049999999996,5645.07,8383.25,26167.99
1934-04-01,43226.29,7732.699999999999,5252.54,27127.070000000003
1934-05-01,30945.91,6622.6,5426.69,22618.07
1934-06-01,22893.31,4981.93,3634.45,11819.86
1934-07-01,18629.960000000003,3932.29,3052.5,5429.82
1934-08-01,13758.94,5356.870000000001,2765.97,3141.4300000000003
1934-09-01,13876.589999999998,5865.43,3022.84,1854.5
1934-10-01,15130.02,6730.549999999999,3031.02,2283.98
1934-11-01,18337.699999999997,2832.6,3004.07,2988.3700000000003
1934-12-01,46481.33,5756.34,5006.53,8484.41
1935-01-01,71913.82,3055.11,12947.32,21889.54
1935-02-01,91051.98,2345.16,16816.93,28602.88
1935-03-01,80133.28,3891.4800000000005,17192.22,30689.9
1935-04-01,71472.15,2224.75,13620.56,36451.26
1935-05-01,44844.57,1448.92,12510.73,28003.29
1935-06-01,33529.520000000004,4882.15,6126.95,18517.440000000002
1935-07-01,25136.12,9559.16,4744.91,7255.780000000001
1935-08-01,23875.950000000004,13886.03,3750.81,4636.99
1935-09-01,21158.010000000002,17290.42,3158.89,3240.88
1935-10-01,38047.82,36494.229999999996,3168.44,2830.29
1935-11-01,30639.54,9437.23,3738.79,4692.32
1935-12-01,39380.84,10303.96,6981.04,10801.58
1936-01-01,46902.78,10342.61,8509.81,18588.399999999998
1936-02-01,43753.54000000001,3890.46,8112.61,25223.64
1936-03-01,65994.86,3183.6400000000003,12057.08,27990.969999999998
1936-04-01,47635.659999999996,2181.75,8944.13,27456.14
1936-05-01,33452.09,5956.11,6593.42,17965.66
1936-06-01,25479.86,24908.29,4016.17,8581.75
1936-07-01,19534.350000000002,9506.73,3327.7,4652.049999999999
1936-08-01,16919.03,15073.220000000001,2850.86,3104.81
1936-09-01,19523.58,12698.54,2574.6,2266.33
1936-10-01,16663.820000000003,13217.73,2900.0,2107.48
1936-11-01,21207.6,7286.85,4496.01,3649.21
1936-12-01,40347.58,4573.97,7870.53,7918.04
1937-01-01,75652.9,5273.98,13368.46,10616.529999999999
1937-02-01,58489.369999999995,4492.62,16574.8,14597.570000000002
1937-03-01,58049.719999999994,7903.23,13579.4,18380.14
1937-04-01,52125.91,6597.84,9771.33,25821.45
1937-05-01,38208.28,3939.96,7257.91,17897.81
1937-06-01,29554.25,3060.41,4455.99,8927.59
1937-07-01,21209.699999999997,4648.92,3728.54,5392.66
1937-08-01,16955.77,6752.129999999999,3128.28,3212.88
1937-09-01,14690.11,8193.41,2714.73,1958.35
1937-10-01,24748.12,12126.869999999999,2679.67,2277.7000000000003
1937-11-01,39222.299999999996,12529.74,6509.01,4870.02
1937-12-01,60631.630000000005,5438.72,13701.43,10954.54
1938-01-01,64451.26000000001,8167.25,17959.58,18611.25
1938-02-01,58890.84,13427.189999999999,13512.21,20208.0
1938-03-01,53079.020000000004,4438.82,11819.71,21175.08
1938-04-01,41700.799999999996,6472.82,7444.19,27091.97
1938-05-01,33484.060000000005,14046.46,5163.79,21398.12
1938-06-01,25442.859999999997,18436.85,4250.92,12346.82
1938-07-01,22208.09,20257.39,3473.29,4867.04
1938-08-01,18426.78,6048.139999999999,3048.43,3042.23
1938-09-01,16069.6,5374.35,2856.17,2000.3600000000001
1938-10-01,21792.98,4945.98,2697.87,2142.0299999999997
1938-11-01,26628.6,4816.35,4006.1,3908.7
1938-12-01,46213.32,3086.52,8768.77,6618.57
1939-01-01,65531.96,3922.62,15002.87,20276.629999999997
1939-02-01,67736.9,4724.02,17168.24,25469.350000000002
1939-03-01,45782.54,9088.220000000001,15792.22,23890.53
1939-04-01,40890.77,5843.65,6528.16,23787.75
1939-05-01,32635.94,11297.98,4800.92,15550.36
1939-06-01,23987.21,8290.09,3847.07,9309.29
1939-07-01,18699.6,7342.4,3310.25,5882.82
1939-08-01,14953.75,4312.4800000000005,3113.68,3553.55
1939-09-01,13482.36,9969.05,2895.73,2335.73
1939-10-01,15941.58,5947.13,3745.47,3134.3600000000006
1939-11-01,28870.269999999997,14608.39,3211.67,5029.91
1939-12-01,44888.32,20680.7,5097.33,8763.69
1940-01-01,66490.03,10353.369999999999,9516.23,17264.079999999998
1940-02-01,89649.68,7256.18,14447.08,30064.51
1940-03-01,85913.52,4142.7699999999995,20003.41,36577.51
1940-04-01,53561.51,8077.05,14554.97,33073.17
1940-05-01,40768.83,8264.2,6256.57,24154.42
1940-06-01,30206.69,5459.33,4443.42,16632.64
1940-07-01,23903.28,6097.0199999999995,3549.11,6978.25
1940-08-01,20442.000000000004,8066.72,3182.74,4183.55
1940-09-01,18179.379999999997,4720.93,2632.05,2910.91
1940-10-01,18052.329999999998,7445.44,2807.61,2958.56
1940-11-01,35908.86,4265.75,5816.74,5811.710000000001
1940-12-01,42532.52,6400.629999999999,12194.34,9900.18
1941-01-01,57650.43000000001,6505.98,14324.13,15737.449999999999
1941-02-01,51866.28999999999,12139.7,14191.35,18100.48
1941-03-01,55641.29,7194.64,14649.78,24347.519999999997
1941-04-01,50832.81,7850.719999999999,14601.47,27746.57
1941-05-01,32485.979999999996,16939.0,9225.61,17593.07
1941-06-01,25661.9,12523.32,5085.47,9066.699999999999
1941-07-01,21683.670000000002,8446.4,4250.46,4576.54
1941-08-01,19838.41,16893.97,3845.79,2938.96
1941-09-01,21718.18,9580.96,3071.9,2029.5100000000002
1941-10-01,27432.91,9466.970000000001,3255.45,3132.86
1941-11-01,34135.159999999996,12082.29,4913.88,6078.780000000001
1941-12-01,49649.07,9282.619999999999,7124.42,10358.73
1942-01-01,56064.78,4548.35,13905.42,13205.52
1942-02-01,66572.96,10318.82,14116.2,22471.96
1942-03-01,78247.7,8007.25,15239.49,29413.86
1942-04-01,60958.78,10552.119999999999,10873.28,23886.000000000004
1942-05-01,43483.85,11074.8,7064.13,18120.36
1942-06-01,40693.1,8935.83,4666.0,10683.27
1942-07-01,30709.03,8408.6,3910.26,5924.2300000000005
1942-08-01,21317.739999999998,7889.76,3410.74,3484.0299999999997
1942-09-01,21130.489999999998,6310.700000000001,3057.23,2433.99
1942-10-01,23646.020000000004,7575.49,3946.83,3828.37
1942-11-01,32224.87,2986.04,6664.5,6996.25
1942-12-01,47658.270000000004,2261.05,16527.82,14495.95
1943-01-01,89964.96999999999,2067.49,18836.13,33281.92
1943-02-01,85831.06,3469.25,26636.0,40560.56
1943-03-01,84474.35,2611.59,25142.13,38484.060000000005
1943-04-01,56057.28999999999,1684.37,16160.41,27940.73
1943-05-01,38228.69,3233.95,8956.92,20769.72
1943-06-01,31818.8,11293.189999999999,6318.95,10433.33
1943-07-01,23883.450000000004,7885.65,5310.99,6624.32
1943-08-01,18831.14,12915.5,4516.61,4532.68
1943-09-01,17245.13,10917.550000000001,3892.79,2699.33
1943-10-01,27124.700000000004,8299.12,4015.55,3456.68
1943-11-01,38913.37,5087.58,6515.95,6475.35
1943-12-01,49321.990000000005,2921.65,16226.8,13456.170000000002
1944-01-01,45928.71,6165.5599999999995,18751.85,16056.720000000001
1944-02-01,61812.9,3398.93,15209.61,22173.73
1944-03-01,68056.47,6796.74,14936.4,25082.27
1944-04-01,46742.63999999999,3083.54,11677.67,27205.43
1944-05-01,31565.18,1592.06,7791.69,21153.13
1944-06-01,23490.100000000002,2837.2999999999997,5222.28,10748.55
1944-07-01,18853.229999999996,2641.82,4398.26,5225.7
1944-08-01,15139.17,1391.68,3851.94,3104.0
1944-09-01,13031.41,2522.3199999999997,3325.73,2156.91
1944-10-01,14702.9,2470.4700000000003,2949.13,2140.7
1944-11-01,28578.670000000006,4457.09,5050.98,4774.42
1944-12-01,35214.00000000001,3197.04,12038.47,9559.439999999999
1945-01-01,52341.93,1248.9,18223.92,21950.530000000002
1945-02-01,86344.89,2968.96,20664.9,32887.03
1945-03-01,79995.16,3534.0699999999997,23667.1,30136.130000000005
1945-04-01,78403.94,1739.21,22815.72,35725.060000000005
1945-05-01,46712.340000000004,1330.6200000000001,25954.63,29952.370000000003
1945-06-01,32578.04,2105.44,13099.15,21051.420000000002
1945-07-01,28283.68,6591.089999999999,7883.96,7125.04
1945-08-01,19223.7,4027.59,6358.34,4434.12
1945-09-01,16921.86,4035.21,5171.13,3193.4700000000003
1945-10-01,20722.480000000003,4372.66,5648.94,4447.46
1945-11-01,35956.67,2890.2200000000003,9566.88,8117.22
1945-12-01,68217.47,3217.91,17051.86,13647.970000000001
1946-01-01,91002.65000000001,8869.66,20706.15,17963.4
1946-02-01,76355.57,20688.25,30652.52,22641.32
1946-03-01,85735.95,13964.91,13938.68,25764.79
1946-04-01,59917.44,5856.45,16252.89,20526.64
1946-05-01,41106.47,5732.34,11157.3,16645.82
1946-06-01,34377.479999999996,9719.529999999999,7422.89,9178.230000000001
1946-07-01,33066.1,16892.9,6002.85,6819.46
1946-08-01,22519.67,6655.139999999999,5202.03,4179.9
1946-09-01,18321.489999999998,5662.77,4440.31,2571.9500000000003
1946-10-01,23117.260000000002,10423.65,4582.62,1577.08
1946-11-01,27732.11,6483.04,6328.26,3289.03
1946-12-01,38020.25,8490.49,11589.38,5443.55
1947-01-01,64667.36999999999,6651.4,11003.1,13276.07
1947-02-01,75351.40000000001,9002.98,14739.52,23442.39
1947-03-01,109006.78,6495.06,18075.09,29979.08
1947-04-01,70069.79000000001,3464.83,22991.66,35900.97
1947-05-01,43637.619999999995,4500.700000000001,14019.39,24894.399999999998
1947-06-01,31915.17,8489.67,7122.06,14653.68
1947-07-01,26527.12,6553.700000000001,5746.06,5564.639999999999
1947-08-01,22680.48,8213.72,4844.79,3722.82
1947-09-01,26364.6,16521.08,4658.83,2923.97
1947-10-01,27901.1,13614.52,4375.42,3436.6499999999996
1947-11-01,30157.04,5692.25,9577.66,6444.4400000000005
1947-12-01,52190.86000000001,7279.07,13893.24,10828.710000000001
1948-01-01,61907.47,5023.389999999999,18320.46,17865.620000000003
1948-02-01,68324.8,8186.17,13815.65,23587.229999999996
1948-03-01,72229.37000000001,6945.12,16609.97,27656.350000000002
1948-04-01,52950.38,7195.75,12631.14,27667.629999999997
1948-05-01,34849.11,11775.4,6790.78,18066.170000000002
1948-06-01,29356.58,6593.889999999999,5563.37,8739.08
1948-07-01,22112.34,7865.22,4895.05,5042.05
1948-08-01,20194.41,16986.22,4138.5,2920.49
1948-09-01,15821.26,5548.32,3615.94,2146.35
1948-10-01,17598.07,7275.48,3773.63,2056.6800000000003
1948-11-01,26714.179999999997,8044.07,4332.44,2608.12
1948-12-01,58546.44,2558.86,15962.31,12946.53
1949-01-01,62976.27,2751.3,22471.88,26776.17
1949-02-01,87132.26,1565.4099999999999,27835.85,30093.7
1949-03-01,68185.91,3563.66,37331.11,29413.1
1949-04-01,50450.93,6100.719999999999,22960.91,20607.26
1949-05-01,37560.98,4527.110000000001,10769.79,17574.120000000003
1949-06-01,29065.57,8430.83,7906.13,8802.65
1949-07-01,22244.35,4963.07,6480.83,5482.54
1949-08-01,17560.63,5294.889999999999,5468.2,3368.7599999999998
1949-09-01,14543.95,7687.86,4688.23,2269.9
1949-10-01,18250.81,6348.04,4355.39,1870.56
1949-11-01,25353.41,2989.21,8725.5,3767.85
1949-12-01,41898.09,2215.17,9692.73,6379.049999999999
1950-01-01,53887.87,5626.360000000001,13674.63,9333.560000000001
1950-02-01,78500.82,5350.75,13457.36,16859.38
1950-03-01,72126.29999999999,8382.33,10753.62,21168.58
1950-04-01,53807.60999999999,3934.29,11691.32,25829.079999999998
1950-05-01,38227.93,5108.01,8224.71,22767.54
1950-06-01,28058.11,4509.99,5240.59,14059.699999999999
1950-07-01,22257.989999999998,4181.23,4526.25,5207.4
1950-08-01,16427.77,8413.07,3939.32,2810.16
1950-09-01,13804.55,6227.53,3250.18,1920.03
1950-10-01,20579.77,19270.69,3719.87,2073.45
1950-11-01,35215.0,7205.96,6119.26,3209.35
1950-12-01,51828.32000000001,5463.32,12153.26,6585.570000000001
1951-01-01,65796.40000000001,6517.96,12813.56,12513.750000000002
1951-02-01,79993.9,12285.99,12086.5,15693.75
1951-03-01,82086.82,11392.84,13950.41,18397.02
1951-04-01,60312.560000000005,3797.69,14424.71,15485.48
1951-05-01,39114.03,2127.2,8105.37,13631.16
1951-06-01,30388.600000000002,2112.44,5586.22,7926.29
1951-07-01,23931.079999999998,2786.21,4459.59,5031.34
1951-08-01,19099.04,1368.3899999999999,3804.78,2801.66
1951-09-01,16016.020000000002,1547.19,3291.2,1954.49
1951-10-01,18308.85,14986.61,3016.44,1629.53
1951-11-01,21175.519999999997,11008.880000000001,2844.33,2077.41
1951-12-01,32747.399999999998,6387.49,4475.93,5097.52
1952-01-01,43585.68,3611.96,9677.51,9723.1
1952-02-01,62672.85,3376.48,13395.16,13691.810000000001
1952-03-01,91432.98000000001,2215.06,17539.93,18854.15
1952-04-01,54574.670000000006,1895.09,20610.51,26100.440000000002
1952-05-01,35413.130000000005,1042.03,10653.91,21929.03
1952-06-01,29941.08,7470.63,5947.79,10764.789999999999
1952-07-01,22075.5,8769.74,4819.94,4839.5199999999995
1952-08-01,17296.57,3450.9400000000005,3965.84,2846.89
1952-09-01,16353.88,10206.21,3523.42,2089.21
1952-10-01,18811.260000000002,16116.05,3466.76,2024.39
1952-11-01,28379.510000000002,9913.32,4823.45,2425.3999999999996
1952-12-01,35900.13,4234.54,11070.79,5987.62
1953-01-01,34550.35,5132.02,11723.96,12201.42
1953-02-01,37893.96,6778.98,5430.83,17418.649999999998
1953-03-01,46189.240000000005,3994.96,7849.22,18133.22
1953-04-01,47349.82,3806.09,11238.07,23518.04
1953-05-01,30740.730000000003,3227.14,6177.43,19702.81
1953-06-01,23951.35,5404.98,3975.48,12775.669999999998
1953-07-01,17980.53,4312.889999999999,3352.8,4123.15
1953-08-01,14302.66,3485.71,2929.37,2445.19
1953-09-01,14581.61,13162.980000000001,2592.23,1671.77
1953-10-01,20900.2,17482.190000000002,3187.39,2923.76
1953-11-01,26361.949999999997,14766.23,4505.37,4499.16
1953-12-01,41202.350000000006,6234.32,9551.22,8640.7
1954-01-01,39505.29,9723.95,13945.79,12906.01
1954-02-01,57566.049999999996,6511.52,8201.55,17715.02
1954-03-01,45586.61,7957.05,9156.02,23579.02
1954-04-01,39169.52,6611.290000000001,7814.91,22631.690000000002
1954-05-01,41249.0,18090.550000000003,4435.16,19155.800000000003
1954-06-01,30239.39,20390.33,3726.26,9626.78
1954-07-01,19919.7,20862.09,2958.23,4806.280000000001
1954-08-01,14231.27,6558.79,2642.79,2779.7700000000004
1954-09-01,11733.75,21151.019999999997,2180.42,1606.12
1954-10-01,13128.98,25146.69,1958.44,1187.1399999999999
1954-11-01,19469.05,6667.38,2938.22,2209.27
1954-12-01,29425.09,4375.03,10445.92,7101.9
1955-01-01,45172.23,3524.26,7945.27,11629.86
1955-02-01,38441.1,4635.42,12193.59,20996.600000000002
1955-03-01,43049.5,4532.3,6836.54,20234.93
1955-04-01,41952.3,9904.14,7829.28,23303.97
1955-05-01,27127.12,14216.84,4724.1,20738.289999999997
1955-06-01,24965.68,19779.3,3198.66,15807.169999999998
1955-07-01,19457.370000000003,24715.4,2745.65,4487.26
1955-08-01,14087.63,10859.220000000001,2394.66,2564.46
1955-09-01,13002.27,10067.48,2057.73,1726.6
1955-10-01,13673.34,6281.83,1933.55,1802.7099999999998
1955-11-01,21485.3,3661.9700000000003,5976.73,3995.68
1955-12-01,42233.48,3793.26,10069.12,7042.66
1956-01-01,47280.54,7978.4800000000005,15734.32,13886.52
1956-02-01,38549.3,8284.5,7700.67,19347.81
1956-03-01,50665.94,3320.95,13105.61,23899.909999999996
1956-04-01,38355.48,11652.93,8718.66,25082.260000000002
1956-05-01,38787.23,12325.77,5155.2,21185.72
1956-06-01,38373.48,7327.49,4923.47,10229.39
1956-07-01,25119.67,6084.04,4127.03,6282.629999999999
1956-08-01,26307.61,10364.91,3218.65,3978.51
1956-09-01,18708.899999999998,11799.14,2733.43,2975.7400000000002
1956-10-01,17405.85,7027.610000000001,2486.04,2771.84
1956-11-01,28387.41,3087.83,4329.26,6582.049999999999
1956-12-01,52926.52999999999,2429.19,11633.64,14255.789999999999
1957-01-01,68245.11,4457.41,18023.17,32321.469999999998
1957-02-01,74598.0,8078.5599999999995,21129.79,31919.39
1957-03-01,76567.42,4555.9,23049.89,38992.7
1957-04-01,69520.44,4589.22,24619.77,44483.40000000001
1957-05-01,43920.3,4374.29,18835.27,29154.77
1957-06-01,32231.69,6527.360000000001,8844.91,18492.4
1957-07-01,32601.570000000003,19240.46,6306.39,7286.04
1957-08-01,28182.83,35765.53,5056.77,4657.16
1957-09-01,34052.07,34403.62,4190.52,3477.7000000000003
1957-10-01,25320.989999999998,13896.02,4554.98,3199.26
1957-11-01,32662.25,10254.39,4201.99,3134.8399999999997
1957-12-01,50112.92999999999,6202.77,12320.73,7975.99
1958-01-01,51102.19,4548.86,11807.9,12262.13
1958-02-01,70264.27,3339.91,15350.49,21375.420000000002
1958-03-01,61623.090000000004,8879.789999999999,11133.69,26712.41
1958-04-01,53397.9,3803.9799999999996,9569.65,31749.0
1958-05-01,42328.28,2570.94,7532.63,24663.09
1958-06-01,35674.39,7780.820000000001,5146.63,12694.41
1958-07-01,26678.44,4000.03,4321.12,5130.31
1958-08-01,19659.03,9667.09,4319.27,3310.9
1958-09-01,22396.5,16461.54,3358.36,2369.9700000000003
1958-10-01,23815.899999999998,12494.829999999998,4426.96,2361.46
1958-11-01,29195.589999999997,11649.09,5835.33,3279.6900000000005
1958-12-01,38664.95,11030.380000000001,5030.76,6000.660000000001
1959-01-01,76260.6,5737.29,10976.96,18620.170000000002
1959-02-01,65698.9,7841.49,11364.76,27586.31
1959-03-01,69094.52999999998,4664.45,10174.93,29773.12
1959-04-01,53587.28,7666.56,8758.58,28638.96
1959-05-01,35949.549999999996,8034.76,4204.3,22441.07
1959-06-01,27459.1,7472.300000000001,3412.27,11393.02
1959-07-01,20669.04,5115.11,3083.67,5878.72
1959-08-01,18015.46,6479.93,2741.17,3225.32
1959-09-01,14522.949999999999,10768.31,2485.86,2272.8
1959-10-01,17044.07,7326.83,2780.64,1720.73
1959-11-01,28303.61,3162.54,4825.61,2936.51
1959-12-01,35308.020000000004,2482.04,7859.98,6158.8
1960-01-01,60834.759999999995,2393.63,10527.48,8979.529999999999
1960-02-01,72774.43000000001,4358.2,17501.05,20694.52
1960-03-01,77232.49,3673.9300000000003,27171.37,27328.24
1960-04-01,53471.36,3883.1,21510.99,30248.039999999997
1960-05-01,40591.32,3447.82,7981.34,22527.81
1960-06-01,31297.36,5997.85,5560.12,13296.74
1960-07-01,24588.68,3903.5,4329.47,5449.38
1960-08-01,20435.3,13163.220000000001,3652.28,3083.7299999999996
1960-09-01,15999.44,13858.119999999999,3071.3,2057.9100000000003
1960-10-01,18959.02,11882.99,2743.88,1850.22
1960-11-01,31039.42,11778.119999999999,3242.71,4460.75
1960-12-01,49573.71,5250.38,11833.65,8925.14
1961-01-01,82391.52,5019.24,16758.37,15875.249999999998
1961-02-01,87517.45000000001,4785.65,22583.15,28133.420000000002
1961-03-01,90327.03,15979.92,19170.01,29648.55
1961-04-01,60784.45999999999,9745.98,11080.71,18060.75
1961-05-01,49049.01000000001,6907.64,6994.71,13931.19
1961-06-01,34344.5,8418.48,5299.87,8245.08
1961-07-01,25683.920000000002,6350.46,4291.79,4904.15
1961-08-01,19979.410000000003,3585.5099999999998,3600.64,2911.21
1961-09-01,17057.61,20809.14,3025.01,1899.4100000000003
1961-10-01,16345.16,21777.35,2626.88,1416.57
1961-11-01,26025.41,18615.75,3169.15,2640.2999999999997
1961-12-01,34407.58,8580.32,4531.16,4365.53
1962-01-01,57262.46,4663.35,10391.1,8424.77
1962-02-01,74384.46,5430.530000000001,15887.18,14676.11
1962-03-01,72590.05,6557.7,13224.27,20450.75
1962-04-01,47918.840000000004,3394.6099999999997,10135.41,24066.489999999998
1962-05-01,35621.61,4631.31,6056.07,15638.08
1962-06-01,28897.76,4110.92,4451.23,6949.780000000001
1962-07-01,21390.38,4608.61,3768.2,3751.18
1962-08-01,17667.91,3206.5,3111.42,3099.03
1962-09-01,17844.430000000004,9158.32,2497.06,1978.6000000000001
1962-10-01,26804.07,11056.64,3276.01,1843.42
1962-11-01,28705.89,5866.65,5604.55,3291.7599999999998
1962-12-01,59558.58,3114.34,8813.91,7106.52
1963-01-01,74872.19,5393.8,16220.77,16276.75
1963-02-01,70956.83,11789.970000000001,19400.24,20388.8
1963-03-01,54169.69,10805.85,11242.48,24224.820000000003
1963-04-01,40478.82,6526.75,5218.35,17046.899999999998
1963-05-01,29790.059999999998,3257.09,4376.36,16144.74
1963-06-01,23852.11,2423.9300000000003,3345.23,8814.51
1963-07-01,18960.260000000002,2243.31,2937.63,4812.34
1963-08-01,15395.580000000002,5819.6,2676.81,2915.2700000000004
1963-09-01,12904.37,7642.25,2370.79,2014.1699999999998
1963-10-01,14775.57,21864.94,2119.09,1478.84
1963-11-01,23871.86,19846.61,2727.88,2151.58
1963-12-01,20957.2,9589.04,4180.05,3744.6000000000004
1964-01-01,46260.6,3412.69,12536.31,22446.37
1964-02-01,70556.59999999999,4758.51,24150.7,31221.13
1964-03-01,49091.62,3567.88,17471.57,30579.01
1964-04-01,39466.19,6107.389999999999,8949.65,28670.42
1964-05-01,31403.23,6799.25,5325.27,22391.25
1964-06-01,23642.47,5638.24,3670.2,15389.27
1964-07-01,19980.059999999998,6536.83,3138.49,5342.79
1964-08-01,15963.289999999999,10798.65,2892.02,3096.44
1964-09-01,12940.85,12750.82,2296.51,2068.93
1964-10-01,21430.3,7517.139999999999,2607.06,2656.24
1964-11-01,31375.81,4239.01,7919.09,4390.19
1964-12-01,46980.87,3963.37,12564.29,9716.24
1965-01-01,73600.37,3437.96,15283.92,12051.39
1965-02-01,90773.51999999999,4511.2300000000005,14772.59,21221.370000000003
1965-03-01,97517.98,4218.5599999999995,15878.62,25281.54
1965-04-01,64629.44999999999,3647.71,17973.27,31174.88
1965-05-01,54828.05,13988.89,9062.66,24234.35
1965-06-01,36925.590000000004,5799.49,5562.48,11070.95
1965-07-01,31721.300000000003,14094.83,4491.33,5348.99
1965-08-01,24129.379999999997,20453.8,3846.92,3300.31
1965-09-01,18938.74,20991.54,3200.2,2646.31
1965-10-01,33772.54,18482.29,4006.24,2550.67
1965-11-01,39938.9,11009.35,7756.31,3931.05
1965-12-01,60526.47,15328.09,12003.1,8697.019999999999
1966-01-01,82206.59,10634.689999999999,12386.89,10557.550000000001
1966-02-01,90529.47,20923.73,17831.2,20413.1
1966-03-01,84402.04000000001,13173.74,19400.82,22390.3
1966-04-01,57802.38,5400.96,14443.71,26965.760000000002
1966-05-01,42928.11,3551.99,7981.99,21276.88
1966-06-01,32317.78,8470.02,5747.26,10243.419999999998
1966-07-01,26197.820000000003,9562.58,4619.24,5534.650000000001
1966-08-01,20923.88,8968.97,4071.21,3220.16
1966-09-01,19685.460000000003,17299.18,3509.65,2215.64
1966-10-01,26577.86,15995.849999999999,3536.16,2466.16
1966-11-01,39302.98,11162.900000000001,5387.67,3898.18
1966-12-01,47787.68000000001,11606.92,7555.51,6497.45
1967-01-01,74090.84,7712.139999999999,14646.05,11623.029999999999
1967-02-01,80801.47,9119.7,13590.88,15467.380000000001
1967-03-01,72337.06,10908.11,12836.52,19219.21
1967-04-01,53689.47000000001,4912.09,13017.2,29709.190000000002
1967-05-01,35587.329999999994,2737.2200000000003,8203.52,23392.510000000002
1967-06-01,31398.91,5138.969999999999,4605.12,16511.91
1967-07-01,24134.26,6223.96,3890.11,5016.969999999999
1967-08-01,19130.55,9702.560000000001,3367.93,2873.3799999999997
1967-09-01,17633.81,17432.74,2899.0,2085.84
1967-10-01,17580.41,7808.57,2697.0,1874.14
1967-11-01,30687.089999999997,5634.68,4613.39,3117.06
1967-12-01,46760.600000000006,7530.99,12320.48,6526.540000000001
1968-01-01,59142.65,4253.2,16336.16,10606.88
1968-02-01,57331.38,3257.15,14619.81,14911.74
1968-03-01,64523.77,2366.37,20481.08,29834.05
1968-04-01,40399.79,2925.77,16124.34,30015.020000000004
1968-05-01,27962.57,2443.7799999999997,7385.68,20664.43
1968-06-01,21294.28,2042.96,5029.17,9437.1
1968-07-01,17593.49,3806.97,4348.27,4997.360000000001
1968-08-01,16725.07,1834.24,3939.91,2846.27
1968-09-01,15784.32,3902.25,3716.46,2132.83
1968-10-01,19100.88,3836.1800000000003,3754.08,1962.5900000000001
1968-11-01,24011.85,8128.969999999999,5853.14,3190.03
1968-12-01,44244.09,5210.84,13591.67,12925.150000000001
1969-01-01,41481.05,9411.39,10159.16,14170.53
1969-02-01,47964.81,10118.6,12904.06,19297.89
1969-03-01,43638.75,7358.280000000001,13694.36,23875.73
1969-04-01,32718.38,12325.65,8088.19,21347.48
1969-05-01,23465.1,6773.65,5159.96,16736.260000000002
1969-06-01,22847.88,14529.4,3900.51,8329.12
1969-07-01,16913.05,9920.41,3427.03,3968.67
1969-08-01,13345.390000000001,4680.76,3020.69,2494.8
1969-09-01,11308.47,6848.030000000001,2563.92,1741.96
1969-10-01,22732.170000000002,7923.74,2653.71,1677.77
1969-11-01,41857.98,12112.13,6730.2,2462.9000000000005
1969-12-01,46619.090000000004,5009.25,15556.87,5530.870000000001
1970-01-01,65039.34,5178.1,19235.41,12715.66
1970-02-01,68151.69,4433.15,18985.01,20798.699999999997
1970-03-01,69790.84000000001,4388.95,15018.5,30952.79
1970-04-01,44723.200000000004,3177.43,7891.41,22268.43
1970-05-01,33336.78,7246.51,6032.71,18740.54
1970-06-01,26706.38,13879.779999999999,4399.58,7456.37
1970-07-01,23249.760000000002,16813.78,3912.83,4010.27
1970-08-01,16540.52,6891.8099999999995,3391.04,2657.27
1970-09-01,21284.739999999998,7185.4,3142.5,1927.5800000000002
1970-10-01,24113.36,9915.14,4661.39,2102.75
1970-11-01,27407.36,3952.83,9329.79,4314.17
1970-12-01,28745.449999999997,10775.650000000001,8839.06,4618.76
1971-01-01,38121.549999999996,21705.23,5261.46,5317.21
1971-02-01,32225.390000000007,11551.39,4493.75,10103.34
1971-03-01,37590.59,11745.89,5312.08,14013.090000000002
1971-04-01,31173.68,12696.98,5169.47,19518.1
1971-05-01,24697.210000000003,15147.34,3782.04,16011.42
1971-06-01,23338.469999999998,18297.5,2765.92,9113.6
1971-07-01,20629.510000000002,16386.19,2638.83,4846.66
1971-08-01,15057.91,12457.800000000001,2279.82,2830.84
1971-09-01,14350.39,6891.24,2273.17,1922.75
1971-10-01,21327.960000000003,7109.0599999999995,3233.95,2004.24
1971-11-01,29175.72,2754.45,7497.11,5284.9
1971-12-01,51383.799999999996,2416.19,18099.66,9091.27
1972-01-01,48672.35,4679.54,15695.82,10658.08
1972-02-01,69233.21,12258.21,8442.57,18297.48
1972-03-01,65300.06999999999,8985.400000000001,9966.08,24240.579999999998
1972-04-01,49345.799999999996,7438.29,8859.94,22539.569999999996
1972-05-01,32033.339999999997,3074.08,5899.36,17244.02
1972-06-01,25533.129999999997,13287.56,3853.57,7595.5
1972-07-01,25203.940000000002,11422.599999999999,3375.22,4109.2
1972-08-01,22092.510000000002,22894.35,3170.59,2437.4700000000003
1972-09-01,22184.49,28870.04,2642.1,1805.5300000000002
1972-10-01,45355.38,18620.56,3876.78,1722.58
1972-11-01,48011.91,10940.43,5707.01,2542.7400000000002
1972-12-01,56567.00000000001,10157.96,12032.48,5091.84
1973-01-01,64540.8,10643.53,13638.88,11613.33
1973-02-01,67720.37,10513.0,11217.44,13074.240000000002
1973-03-01,62518.65,6810.219999999999,10955.77,22533.36
1973-04-01,62200.13999999999,5201.51,13698.96,28066.1
1973-05-01,40978.020000000004,12362.279999999999,6660.08,23127.32
1973-06-01,32633.55,14513.08,4443.63,10747.169999999998
1973-07-01,27875.6,17867.989999999998,3778.45,5751.7300000000005
1973-08-01,21577.489999999998,20566.95,3084.21,3788.9700000000003
1973-09-01,21261.23,23203.87,2529.74,2394.05
1973-10-01,28515.199999999997,14403.739999999998,3742.46,3181.61
1973-11-01,40996.97,9262.67,9408.13,5984.34
1973-12-01,53530.77999999999,5232.280000000001,13140.31,11783.0
1974-01-01,75801.93,8180.57,13688.38,14539.06
1974-02-01,60105.27,8956.2,10792.61,25965.170000000002
1974-03-01,79272.15000000001,9741.78,12700.38,33057.6
1974-04-01,69680.32,4599.21,18187.37,36695.9
1974-05-01,44958.81,4182.62,10295.97,33096.93
1974-06-01,36640.96,9947.08,5437.08,20300.670000000002
1974-07-01,28340.09,7275.52,4225.2,8398.86
1974-08-01,21646.260000000002,5177.78,3717.08,4675.35
1974-09-01,19013.74,8387.64,3277.11,3433.48
1974-10-01,22266.730000000003,4201.43,3261.61,3340.81
1974-11-01,25430.199999999997,6066.2,5688.9,4190.21
1974-12-01,42479.9,5031.35,7515.99,8059.66
1975-01-01,60256.2,6035.549999999999,12635.68,13248.54
1975-02-01,60610.55,5848.27,12195.16,25412.33
1975-03-01,50385.93,5378.639999999999,8438.93,25979.389999999996
1975-04-01,47501.93,3513.8599999999997,7468.04,29607.43
1975-05-01,32657.379999999997,2890.85,6376.96,25803.78
1975-06-01,24893.87,5784.65,3805.34,12971.32
1975-07-01,22963.000000000004,4652.26,3822.34,6717.129999999999
1975-08-01,17338.579999999998,11106.369999999999,2984.72,3993.8799999999997
1975-09-01,14156.060000000001,17639.879999999997,2472.36,2724.11
1975-10-01,25352.85,20531.65,2875.76,2246.1800000000003
1975-11-01,34870.2,9777.09,6846.86,3423.5899999999997
1975-12-01,51296.259999999995,18193.9,8358.64,5911.660000000001
1976-01-01,51017.99999999999,12499.66,6170.54,10394.53
1976-02-01,61370.11,7445.96,6028.71,17310.149999999998
1976-03-01,63844.9,8014.92,6371.33,22894.579999999998
1976-04-01,51754.19,5854.07,5462.16,20728.440000000002
1976-05-01,39363.8,7633.65,3174.97,15776.240000000002
1976-06-01,39714.07,14759.279999999999,3070.04,8538.33
1976-07-01,29927.73,8114.86,2463.5,4728.38
1976-08-01,28074.47,17131.39,2288.95,2682.7799999999997
1976-09-01,31589.94,10450.05,2643.02,1954.11
1976-10-01,33138.53,7044.04,4516.72,2754.78
1976-11-01,44313.259999999995,11610.810000000001,6489.6,4774.71
1976-12-01,65846.79000000001,11399.44,13669.59,10184.39
1977-01-01,83694.54,10419.64,15082.43,16048.380000000001
1977-02-01,84332.45,12307.29,18079.61,30516.149999999998
1977-03-01,54556.63,8762.470000000001,7068.46,28258.65
1977-04-01,57973.67,7890.4400000000005,6802.9,25236.010000000002
1977-05-01,40095.060000000005,3363.86,6103.78,27315.87
1977-06-01,33217.12,5965.09,4125.24,14483.99
1977-07-01,24725.11,8027.96,3536.26,7125.8099999999995
1977-08-01,18776.690000000002,16086.060000000001,2876.88,3742.3499999999995
1977-09-01,21360.519999999997,6921.67,2714.3,2516.64
1977-10-01,22109.53,11201.43,3617.24,3269.35
1977-11-01,33583.1,10847.98,4182.26,5185.07
1977-12-01,58544.17,7641.92,8410.03,8622.84
1978-01-01,82980.60999999999,4543.03,16865.73,27458.8
1978-02-01,61299.380000000005,3227.77,16503.76,28004.14
1978-03-01,73596.73,3848.35,20506.59,38086.36
1978-04-01,50492.78,1783.93,12553.75,32453.449999999997
1978-05-01,39252.42,1440.09,8525.98,26979.570000000003
1978-06-01,34384.13,1839.1,6835.33,14466.77
1978-07-01,29260.93,6902.3099999999995,4681.79,7123.380000000001
1978-08-01,21551.670000000002,6248.139999999999,4487.01,4640.71
1978-09-01,21650.03,8979.95,3623.07,3129.0600000000004
1978-10-01,20976.62,4515.21,4455.74,3150.16
1978-11-01,34286.65,8485.49,6159.32,3767.4199999999996
1978-12-01,55176.35,5658.18,11175.21,7709.48
1979-01-01,80265.72,3321.59,18865.33,19391.31
1979-02-01,105116.71,2172.05,29465.32,38359.31
1979-03-01,71778.5,3052.7,46140.79,37075.64
1979-04-01,56224.63999999999,3844.75,23408.87,30002.239999999998
1979-05-01,47201.07000000001,15947.220000000001,11383.95,19409.96
1979-06-01,34332.05,5785.92,8298.35,9317.95
1979-07-01,27254.840000000004,7908.469999999999,6761.61,5205.8099999999995
1979-08-01,24550.49,8199.19,5882.73,3609.9700000000003
1979-09-01,30123.22,8494.619999999999,5845.13,3425.6400000000003
1979-10-01,27859.03,25846.739999999998,6018.71,3490.3299999999995
1979-11-01,36454.14,19531.0,9542.59,4945.95
1979-12-01,47861.25,13850.57,9889.89,6626.459999999999
1980-01-01,84757.2,7594.32,18584.13,17454.25
1980-02-01,105270.09999999999,5621.9,30788.62,36850.17
1980-03-01,78512.9,9674.72,32618.48,46066.950000000004
1980-04-01,67548.24,4635.32,13946.51,35349.31
1980-05-01,45734.240000000005,6292.29,10912.42,18575.98
1980-06-01,36637.49,4274.99,7134.02,8806.369999999999
1980-07-01,31944.12,10466.07,6592.55,5332.4400000000005
1980-08-01,24498.559999999998,18043.89,5621.47,3652.11
1980-09-01,25714.100000000002,17964.54,5001.2,2927.44
1980-10-01,25194.280000000002,11875.57,5316.25,2961.5699999999997
1980-11-01,31174.6,11082.16,6664.25,4194.74
1980-12-01,59653.56,16015.41,13777.31,10813.99
1981-01-01,80732.69,13589.74,17401.4,22733.9
1981-02-01,60171.579999999994,11454.2,15420.36,27661.06
1981-03-01,57789.2,4286.16,14635.04,21897.04
1981-04-01,54731.73,4155.77,18919.96,27568.6
1981-05-01,38805.880000000005,3704.3900000000003,8916.35,16434.61
1981-06-01,33916.01,3955.6899999999996,6241.03,7748.530000000001
1981-07-01,24178.980000000003,3128.1,5082.3,4727.23
1981-08-01,19989.43,2745.69,4540.03,3308.19
1981-09-01,16351.04,6189.05,4201.53,2670.54
1981-10-01,29167.73,7317.71,5382.54,2534.56
1981-11-01,53102.96,7521.51,12686.75,5663.900000000001
1981-12-01,71479.39,10693.85,18076.03,11214.44
1982-01-01,96740.87,4354.32,21089.27,22624.49
1982-02-01,88582.07,6253.25,23294.82,34541.93
1982-03-01,103090.12,4505.05,22179.5,33395.97
1982-04-01,80397.89,2386.56,20817.24,31842.49
1982-05-01,54226.63,2352.27,12345.84,24710.989999999998
1982-06-01,49364.11,11689.14,8053.44,11646.82
1982-07-01,45229.74,23458.17,6326.39,5989.370000000001
1982-08-01,30998.58,10660.8,5353.34,3803.8900000000003
1982-09-01,25243.350000000002,6300.97,4898.95,2975.05
1982-10-01,37419.51,19696.05,5018.54,3595.67
1982-11-01,44900.020000000004,33359.11,5048.32,3822.58
1982-12-01,68766.06,16309.19,5506.63,4586.71
1983-01-01,108541.03000000001,10378.189999999999,14580.24,10751.419999999998
1983-02-01,132174.0,11125.64,22681.86,30213.78
1983-03-01,107919.0,18431.550000000003,28073.02,27009.59
1983-04-01,86924.17,11652.8,21354.5,26679.249999999996
1983-05-01,71725.1,33529.17,13973.35,12675.72
1983-06-01,89063.7,28589.4,8108.49,6231.86
1983-07-01,56585.24,69822.61,6307.94,3719.7299999999996
1983-08-01,38032.43,29490.89,5712.9,2780.2999999999997
1983-09-01,48259.68000000001,17034.72,4494.26,2256.24
1983-10-01,53643.18,15029.82,5898.92,2554.66
1983-11-01,57759.6,11600.68,11256.59,4334.19
1983-12-01,78818.53,7430.09,17466.34,8950.07
1984-01-01,74447.94,6706.33,19119.58,13335.4
1984-02-01,60242.590000000004,6270.37,9688.83,15832.78
1984-03-01,55467.770000000004,5863.38,8399.08,19781.83
1984-04-01,60695.39,6538.18,12440.37,27584.41
1984-05-01,49614.340000000004,11340.2,6333.14,23667.77
1984-06-01,33635.26,19183.17,4387.36,10238.06
1984-07-01,26067.96,14510.419999999998,3877.3,4963.0199999999995
1984-08-01,23710.170000000002,28608.829999999998,3476.41,3018.77
1984-09-01,25094.37,12796.28,4178.47,2740.2799999999997
1984-10-01,23648.03,12471.19,4442.12,2647.12
1984-11-01,28584.62,12958.74,5486.64,4173.79
1984-12-01,52588.8,8891.83,11550.74,5535.81
1985-01-01,85272.42,3663.71,18526.4,16738.77
1985-02-01,85033.46,8910.880000000001,24925.21,32303.37
1985-03-01,85360.25,6051.83,22036.6,31760.23
1985-04-01,66703.48999999999,10447.61,21985.0,34369.97
1985-05-01,49797.52,7608.869999999999,9908.86,28785.920000000002
1985-06-01,36571.340000000004,4435.54,6163.21,14403.25
1985-07-01,28914.93,5075.98,4911.18,6698.13
1985-08-01,23634.51,6374.05,4408.88,4033.91
1985-09-01,21901.539999999997,7026.219999999999,4219.77,2735.13
1985-10-01,21712.089999999997,4099.61,5473.06,3304.87
1985-11-01,29115.030000000002,4420.4,6915.65,5907.9800000000005
1985-12-01,38718.3,1442.18,11419.27,13726.519999999999
1986-01-01,65283.59,2207.8999999999996,18665.29,31701.99
1986-02-01,65085.25,4867.6900000000005,22703.44,29834.76
1986-03-01,63986.96,4608.66,15522.21,31765.670000000002
1986-04-01,49585.39,8178.700000000001,7616.74,29109.260000000002
1986-05-01,43845.67999999999,7168.389999999999,5651.51,21530.000000000004
1986-06-01,32170.7,8134.530000000001,4233.5,10441.27
1986-07-01,25534.350000000002,4617.95,3917.05,5797.58
1986-08-01,26591.420000000002,6397.93,3857.69,3496.0099999999998
1986-09-01,20956.63,8732.75,3653.92,2805.2599999999998
1986-10-01,20281.5,8813.99,3230.62,4150.31
1986-11-01,21271.04,10924.0,3746.07,6088.860000000001
1986-12-01,48476.62,10004.91,5703.47,6912.000000000001
1987-01-01,63731.37,10060.619999999999,9700.06,11357.789999999999
1987-02-01,71555.57,9720.77,7956.47,13094.69
1987-03-01,59276.78,3465.5,8200.8,24598.889999999996
1987-04-01,51242.89,9114.220000000001,9140.2,24089.36
1987-05-01,48374.840000000004,28826.690000000002,5583.67,14500.5
1987-06-01,39756.36,16681.03,3730.05,6547.68
1987-07-01,27411.84,13475.36,3420.17,3735.09
1987-08-01,20772.809999999998,10638.26,2756.43,2493.13
1987-09-01,20691.65,7255.88,2694.89,1965.28
1987-10-01,23132.54,13570.7,3089.69,2202.78
1987-11-01,33408.83,6194.32,4522.28,2996.0499999999997
1987-12-01,57668.56,3783.7200000000003,10722.12,7677.37
1988-01-01,58262.729999999996,4164.83,16111.22,14572.7
1988-02-01,70962.23,5450.52,10941.11,18315.699999999997
1988-03-01,78211.59,4233.29,13596.43,28607.8
1988-04-01,60221.58,5167.17,10355.42,29094.88
1988-05-01,47838.68,19085.79,6468.55,24149.649999999998
1988-06-01,40404.2,14336.67,3911.33,10950.210000000001
1988-07-01,26500.13,5880.23,3328.18,5678.09
1988-08-01,20537.3,2576.9700000000003,3328.13,3316.83
1988-09-01,17329.41,8409.27,3195.18,2434.52
1988-10-01,22573.88,6307.620000000001,3281.22,2505.91
1988-11-01,29034.03,4032.9900000000002,5132.99,4378.62
1988-12-01,38589.17999999999,2845.5,8155.4,12704.48
1989-01-01,67802.08,9986.720000000001,11170.59,20180.87
1989-02-01,74351.31,14814.98,7840.91,21574.25
1989-03-01,68782.2,7586.049999999999,9518.3,27109.79
1989-04-01,49914.53,7588.94,6020.08,30107.76
1989-05-01,38391.17,12744.63,4207.69,22968.51
1989-06-01,29952.5,3671.0,3287.2,12967.34
1989-07-01,25788.0,8571.039999999999,3234.07,7139.610000000001
1989-08-01,28289.76,10933.36,3012.83,4162.35
1989-09-01,28863.15,29606.83,2822.16,3056.6
1989-10-01,22818.620000000003,12077.849999999999,3088.56,3003.56
1989-11-01,30670.4,5332.55,5345.19,6252.35
1989-12-01,68833.20999999999,3290.67,20445.39,21018.2
1990-01-01,90642.84999999999,17821.84,28011.69,34693.05
1990-02-01,54295.369999999995,10640.44,12421.03,25085.58
1990-03-01,57322.15,6710.799999999999,9667.09,31044.469999999998
1990-04-01,45633.97,12525.39,6645.8,25968.14
1990-05-01,39055.03,13020.09,4255.49,16124.51
1990-06-01,30513.550000000003,31654.43,3397.53,8417.189999999999
1990-07-01,29459.120000000003,14903.51,3490.52,5031.34
1990-08-01,25015.43,14622.93,3209.29,3401.33
1990-09-01,28258.879999999997,20464.47,3232.03,2753.5199999999995
1990-10-01,29659.489999999998,24175.57,3540.47,2834.0699999999997
1990-11-01,30326.699999999997,17569.620000000003,4449.93,3557.3
1990-12-01,33032.130000000005,7448.1,5182.42,5373.23
1991-01-01,59812.98,3556.0,10416.48,13788.990000000002
1991-02-01,80287.01999999999,3748.75,15699.33,23479.270000000004
1991-03-01,83475.93,2661.2,14311.53,25783.93
1991-04-01,83311.73,2970.6899999999996,15624.03,30948.9
1991-05-01,49665.91,2469.77,7778.19,26182.120000000003
1991-06-01,36912.32,10352.31,4830.19,13796.98
1991-07-01,29650.68,7636.87,3854.24,6204.53
1991-08-01,23250.85,7717.95,3517.88,3903.96
1991-09-01,20117.94,2862.05,3289.48,2700.2000000000003
1991-10-01,29776.73,8436.66,4165.37,2611.48
1991-11-01,27912.13,7724.59,6194.15,3636.98
1991-12-01,42244.77,9281.26,9586.94,6739.04
1992-01-01,70578.26000000001,5870.23,15160.17,11979.98
1992-02-01,98445.04000000001,7271.42,29886.19,32586.9
1992-03-01,71114.49000000002,8387.3,39188.81,27633.27
1992-04-01,64908.91,7365.12,13239.91,27097.290000000005
1992-05-01,61903.57,25115.83,8654.36,16885.030000000002
1992-06-01,43215.38,29083.910000000003,5719.06,7336.32
1992-07-01,33458.4,21452.29,4626.86,3962.3900000000003
1992-08-01,26485.989999999998,17400.01,4237.58,2742.2999999999997
1992-09-01,32864.6,12978.39,4252.82,2417.15
1992-10-01,39798.5,7870.530000000001,5661.07,2777.95
1992-11-01,52719.51,8590.45,12679.09,4610.15
1992-12-01,63510.49,5302.85,16198.36,12317.539999999999
1993-01-01,60034.87,5836.31,18028.81,17388.21
1993-02-01,83936.61,9534.92,13782.97,19820.66
1993-03-01,72786.4,8777.84,12504.51,25732.420000000002
1993-04-01,63036.03999999999,5948.21,7933.28,21558.08
1993-05-01,44179.71,12557.99,5705.57,15443.99
1993-06-01,38768.49,11646.810000000001,4329.7,7035.640000000001
1993-07-01,27539.649999999998,19564.54,3785.05,3935.9300000000003
1993-08-01,23894.28,6250.92,3622.3,2640.3
1993-09-01,26146.99,12132.369999999999,3234.25,2406.1499999999996
1993-10-01,32332.960000000003,22779.3,3805.37,2643.61
1993-11-01,26167.02,6582.09,4027.55,3435.19
1993-12-01,43002.270000000004,11016.98,5825.57,6096.0
1994-01-01,76133.95,4559.29,15056.5,19405.510000000002
1994-02-01,65052.49,13825.13,14551.79,26602.34
1994-03-01,75969.56999999999,7732.860000000001,14927.5,33083.14
1994-04-01,57573.27,6939.92,15291.05,31122.02
1994-05-01,42088.9,11624.130000000001,6883.86,21797.19
1994-06-01,34723.44,16101.59,4943.55,10849.47
1994-07-01,28196.120000000003,19539.949999999997,4211.89,6707.42
1994-08-01,21608.5,7196.15,3442.46,3789.34
1994-09-01,17018.0,4628.89,3414.69,2748.82
1994-10-01,18593.86,11029.369999999999,2698.34,2648.09
1994-11-01,29110.26,12981.689999999999,3048.22,2909.93
1994-12-01,44644.89,7323.26,9102.93,7536.3
1995-01-01,64659.42,25436.07,8964.41,18950.1
1995-02-01,96957.34000000001,13050.11,8874.33,26371.649999999998
1995-03-01,67997.33,7394.3099999999995,9289.45,27492.999999999996
1995-04-01,62252.47,4342.09,8433.94,30257.410000000003
1995-05-01,45670.66,2540.37,5572.71,28562.99
1995-06-01,31488.85,5216.38,4250.83,18038.22
1995-07-01,27704.489999999998,12062.86,3317.13,7590.75
1995-08-01,20013.5,5969.74,2932.04,4135.08
1995-09-01,17505.88,7523.52,2339.87,2663.83
1995-10-01,27779.679999999997,15068.42,2775.36,2416.9
1995-11-01,28092.82,5872.05,5074.93,3791.4100000000003
1995-12-01,40524.36,4258.83,9715.62,9618.38
1996-01-01,63701.439999999995,12497.830000000002,13771.94,18527.25
1996-02-01,52652.97,17121.4,7067.2,18924.28
1996-03-01,66363.97,13286.81,6486.56,24040.62
1996-04-01,49423.909999999996,11440.220000000001,5727.06,25033.23
1996-05-01,35199.520000000004,3168.28,4012.36,22358.35
1996-06-01,26765.77,7908.610000000001,3147.45,10283.439999999999
1996-07-01,21825.97,14897.560000000001,2639.88,5651.719999999999
1996-08-01,18271.370000000003,10531.47,2092.32,3523.42
1996-09-01,23311.91,13420.92,2042.96,2399.99
1996-10-01,24749.14,18419.93,2454.36,2595.3
1996-11-01,42152.409999999996,11346.310000000001,5105.28,4328.25
1996-12-01,52833.36,8903.92,10169.0,6659.389999999999
1997-01-01,102801.78000000001,10490.92,17726.19,15414.810000000001
1997-02-01,86836.52,22913.839999999997,14897.98,24820.77
1997-03-01,75427.71999999999,9012.380000000001,13817.4,30427.27
1997-04-01,63097.27999999999,3004.8,13638.32,36999.32
1997-05-01,45799.64,3322.87,7943.51,29181.66
1997-06-01,48089.34,10136.689999999999,5291.09,11357.289999999999
1997-07-01,33569.27,12104.67,4069.98,5950.19
1997-08-01,24588.12,18325.920000000002,3656.81,3634.3399999999997
1997-09-01,22590.789999999997,8022.83,3212.91,2693.42
1997-10-01,27777.81,36531.59,3321.73,2602.7200000000003
1997-11-01,37289.3,34270.26,3875.19,2936.08
1997-12-01,57380.909999999996,13150.0,9202.28,5240.629999999999
1998-01-01,51492.61,15618.650000000001,10316.0,9133.49
1998-02-01,63711.46000000001,24168.37,9750.53,12606.6
1998-03-01,69137.84,19188.73,9536.41,18056.28
1998-04-01,57794.17,31425.239999999998,4840.02,12609.43
1998-05-01,42837.75,22138.43,3608.46,8871.5
1998-06-01,31203.68,8636.14,2863.03,4502.71
1998-07-01,23731.06,13962.73,2497.4,2893.7900000000004
1998-08-01,24554.27,25098.5,2295.16,1705.1299999999999
1998-09-01,25091.449999999997,26942.620000000003,2048.7,1497.57
1998-10-01,35987.04,25897.35,2093.25,1501.49
1998-11-01,34289.549999999996,7381.1,5867.26,3144.9199999999996
1998-12-01,48242.43,5804.389999999999,9912.84,7532.51
1999-01-01,69609.67,5631.86,9321.32,13109.75
1999-02-01,63310.47,8587.900000000001,5679.27,13619.689999999999
1999-03-01,73153.37000000001,5929.17,11690.84,21619.710000000003
1999-04-01,46443.81,8834.0,7650.68,16920.949999999997
1999-05-01,34642.43,4673.7,3943.34,16226.82
1999-06-01,29612.39,10111.46,2795.84,8187.6900000000005
1999-07-01,26162.93,20359.03,2388.21,4008.2200000000003
1999-08-01,17980.56,4941.25,2087.03,2442.77
1999-09-01,18421.690000000002,5491.23,2332.32,1846.2999999999997
1999-10-01,15801.090000000002,13516.880000000001,1878.36,2039.4199999999998
1999-11-01,23040.010000000002,5389.51,4859.39,3678.58
1999-12-01,37262.25,4053.5699999999997,10058.67,9401.43
2000-01-01,64902.75000000001,5184.64,13130.52,22614.16
2000-02-01,79477.2,7143.17,15010.88,28124.61
2000-03-01,76429.93999999999,8138.65,13499.42,33621.32
2000-04-01,50060.55,4456.67,11010.7,31216.120000000003
2000-05-01,32775.72,4905.41,5493.5,22864.77
2000-06-01,26790.52,5527.27,3707.2,9258.1
2000-07-01,23308.51,11758.86,2925.24,5604.6900000000005
2000-08-01,21304.1,6573.860000000001,3003.63,3547.25
2000-09-01,32527.02,26712.27,2783.51,2669.43
2000-10-01,20752.12,24981.93,2465.46,2930.98
2000-11-01,33462.979999999996,7975.25,5280.84,5078.78
2000-12-01,52257.939999999995,6367.27,11407.33,12800.9
2001-01-01,50700.939999999995,13134.189999999999,10216.26,18021.73
2001-02-01,53011.240000000005,21065.82,5354.0,20285.839999999997
2001-03-01,54189.880000000005,11076.55,5349.27,25180.94
2001-04-01,42540.119999999995,9078.06,4024.52,25394.629999999997
2001-05-01,32336.25,12012.119999999999,2642.72,14964.82
2001-06-01,27149.969999999998,11160.869999999999,2555.54,9112.779999999999
2001-07-01,21342.9,14246.23,2072.2,5016.36
2001-08-01,17370.129999999997,7989.199999999999,1920.22,2882.9300000000003
2001-09-01,17595.420000000002,9550.47,2028.97,2044.1399999999999
2001-10-01,24481.109999999997,26486.65,2294.66,2286.81
2001-11-01,30766.02,7660.81,3595.08,3792.09
2001-12-01,48546.159999999996,8531.59,6464.11,9503.52
2002-01-01,75138.35999999999,7397.34,16829.24,27398.510000000002
2002-02-01,83318.37,6055.45,14609.7,26988.98
2002-03-01,63903.94000000001,4675.52,10668.72,22794.03
2002-04-01,43447.69999999999,4166.82,6936.44,21790.48
2002-05-01,37385.020000000004,9313.75,3355.75,12711.2
2002-06-01,27263.53,11206.43,2720.2,7125.11
2002-07-01,21933.710000000003,7173.17,2581.88,3415.29
2002-08-01,18938.71,12113.73,2026.54,2137.85
2002-09-01,19586.199999999997,14950.630000000001,1586.31,1588.02
2002-10-01,15787.289999999999,19025.98,2072.59,1734.2
2002-11-01,26468.960000000003,17431.49,2831.84,2742.25
2002-12-01,41306.31999999999,16790.48,5517.53,4111.28
2003-01-01,69924.93,7789.54,12269.57,7227.92
2003-02-01,74590.61,9200.98,13148.34,13347.39
2003-03-01,62948.49,8336.17,8006.25,23120.84
2003-04-01,57483.97,4078.6,7885.7,28141.18
2003-05-01,36229.06,4252.21,4145.64,16697.61
2003-06-01,29110.170000000002,7666.54,3008.01,6882.73
2003-07-01,23052.719999999998,7225.49,2648.75,4159.91
2003-08-01,17945.96,3198.33,2267.79,3339.28
2003-09-01,16976.6,2780.7799999999997,2071.61,1929.91
2003-10-01,18762.9,5771.54,1533.91,1859.98
2003-11-01,25429.980000000003,7433.91,2497.04,3791.84
2003-12-01,40105.86,17129.81,4619.69,7095.219999999999
2004-01-01,58932.99999999999,8950.16,9667.06,13994.419999999998
2004-02-01,86368.63,4520.65,14893.31,32094.42
2004-03-01,76910.34,3276.26,20164.76,37389.47
2004-04-01,61015.280000000006,3943.48,15938.38,35176.71
2004-05-01,46906.649999999994,8800.880000000001,8502.85,22919.02
2004-06-01,39360.56,8235.28,4511.37,9835.76
2004-07-01,31679.61,12745.14,3911.1,5339.85
2004-08-01,22313.84,4552.98,3034.14,3384.4700000000003
2004-09-01,17421.15,8560.73,2716.38,2389.97
2004-10-01,24167.84,14469.32,2709.71,2334.41
2004-11-01,30300.059999999998,12858.33,3202.1,3825.7799999999997
2004-12-01,46990.6,5903.45,5406.7,6239.33
2005-01-01,76484.45,5576.450000000001,11832.9,11342.31
2005-02-01,70443.82999999999,2932.91,14948.98,21876.21
2005-03-01,71052.55,2564.52,14561.71,31256.48
2005-04-01,49676.92,6252.799999999999,12409.1,29154.21
2005-05-01,38637.9,14562.35,6703.94,21967.52
2005-06-01,33369.799999999996,17194.83,4427.1,8940.29
2005-07-01,24544.130000000005,9573.41,3571.07,4596.719999999999
2005-08-01,18942.07,7810.25,2974.96,2504.48
2005-09-01,21194.8,27180.99,2904.43,1744.12
2005-10-01,25286.32,29841.4,2737.17,1830.1299999999999
2005-11-01,32771.76,12721.849999999999,4062.17,2507.17
2005-12-01,64775.98,4236.2300000000005,13025.64,9113.970000000001
2006-01-01,60181.090000000004,4520.8,12940.5,18876.24
2006-02-01,64217.08,3944.25,6974.12,20509.33
2006-03-01,75182.88,3818.35,10607.92,25702.64
2006-04-01,67105.92,2899.02,13373.26,33748.45
2006-05-01,39395.45,1576.41,7079.97,30296.94
2006-06-01,29348.420000000002,2299.65,3946.72,16011.61
2006-07-01,24368.870000000003,3137.5,3249.58,6478.17
2006-08-01,19864.649999999998,5161.009999999999,3034.4,3473.3100000000004
2006-09-01,20443.38,5385.18,2913.35,2249.5099999999998
2006-10-01,29088.640000000003,5079.0,3936.67,2614.24
2006-11-01,34679.45,7153.870000000001,8529.53,5513.24
2006-12-01,65201.25,7424.06,12069.26,7338.04
2007-01-01,106309.75,6962.139999999999,16845.95,10528.13
2007-02-01,105710.09,7316.59,21353.32,24866.979999999996
2007-03-01,67907.25,9598.21,20497.0,29499.03
2007-04-01,50388.9,8575.900000000001,7774.4,24063.719999999998
2007-05-01,41211.76,19679.08,4634.14,14414.130000000001
2007-06-01,32047.559999999998,7732.34,3859.4,7156.03
2007-07-01,27816.75,12495.22,3034.83,3910.5599999999995
2007-08-01,21887.38,6580.22,2973.6,2500.83
2007-09-01,15236.519999999999,8785.39,2224.87,1713.9499999999998
2007-10-01,15934.039999999999,10128.42,1799.81,1591.27
2007-11-01,28811.519999999997,14203.67,1899.23,1862.58
2007-12-01,39021.840000000004,7601.04,4721.75,4474.53
2008-01-01,50632.409999999996,7428.33,5809.37,8433.61
2008-02-01,80317.98000000001,5084.49,11415.8,19163.28
2008-03-01,81709.78,4347.57,13448.43,27854.08
2008-04-01,69669.96,5907.110000000001,14190.87,31025.13
2008-05-01,49485.31,9784.220000000001,5893.92,25114.129999999997
2008-06-01,36810.979999999996,9800.18,3381.25,10653.25
2008-07-01,26183.33,6706.54,2786.14,4930.55
2008-08-01,26061.09,9290.19,2509.38,2920.96
2008-09-01,18902.54,8249.9,2001.91,2031.0900000000001
2008-10-01,23891.09,22099.260000000002,2188.82,1963.29
2008-11-01,30562.059999999998,19472.92,2698.73,2478.41
2008-12-01,44730.829999999994,5001.48,7207.61,8491.75
2009-01-01,65117.33,5676.38,15934.36,14283.08
2009-02-01,77529.57999999999,4980.96,14528.95,21396.79
2009-03-01,62371.54,4471.25,10524.53,26421.920000000002
2009-04-01,64519.88,1850.48,13025.65,28258.569999999996
2009-05-01,44086.96,2636.18,7824.8,32217.11
2009-06-01,34557.45,3883.29,4587.43,19559.7
2009-07-01,34411.4,12661.970000000001,3698.21,7526.41
2009-08-01,28688.15,18781.05,2921.14,3743.56
2009-09-01,34865.43,30167.72,3000.13,2653.8100000000004
2009-10-01,40478.91,25262.65,4093.38,3016.61
2009-11-01,42860.15,14446.48,7832.12,5679.05
2009-12-01,71629.58,12003.2,7793.92,9854.48
2010-01-01,83748.09,16287.54,10262.37,18852.55
2010-02-01,74528.73,15146.119999999999,5657.12,21873.81
2010-03-01,69660.97,9925.28,7864.65,21796.390000000003
2010-04-01,59846.21,20328.16,8440.8,26515.839999999997
2010-05-01,39081.479999999996,23874.11,3861.33,14652.98
2010-06-01,28768.91,10902.66,3088.03,7174.49
2010-07-01,23664.949999999997,11582.14,2478.91,3976.45
2010-08-01,18165.54,9253.91,2095.88,2728.44
2010-09-01,15644.630000000001,6921.16,2021.36,1820.85
2010-10-01,23692.84,6897.6900000000005,2469.75,1782.0300000000002
2010-11-01,32289.690000000002,5650.75,5192.9,3291.8599999999997
2010-12-01,49531.58000000001,16668.98,9223.23,7026.45
2011-01-01,85273.51000000001,12380.86,13138.03,16048.17
2011-02-01,63352.06,21215.93,9299.05,25358.86
2011-03-01,102304.31,12851.130000000001,11513.54,32849.23
2011-04-01,71883.68,11387.25,15192.49,32608.399999999998
2011-05-01,44949.92,6353.0,5888.04,26446.71
2011-06-01,34287.18,8372.369999999999,3684.98,10751.08
2011-07-01,27872.949999999997,22846.42,3150.82,5643.1
2011-08-01,26559.68,31233.66,2430.33,3195.2400000000002
2011-09-01,18376.58,25912.199999999997,2180.56,2077.04
2011-10-01,27509.5,11650.29,2744.57,2454.93
2011-11-01,30439.69,7341.1,3927.08,6121.04
2011-12-01,50449.96,3928.4700000000003,10529.63,11510.86
2012-01-01,83572.68000000001,6963.9,17083.92,23417.409999999996
2012-02-01,62843.9,5634.030000000001,15403.81,29184.5
2012-03-01,51858.24,4067.87,6437.4,28588.17
2012-04-01,44345.71,4031.41,6333.18,22519.06
2012-05-01,39886.979999999996,5790.38,3723.31,13134.61
2012-06-01,45919.63,14955.92,3616.43,7517.820000000001
2012-07-01,31731.16,10096.84,2739.66,4492.21
2012-08-01,20158.19,8117.9400000000005,2255.03,2485.46
2012-09-01,16640.54,4926.29,1962.35,1791.8999999999999
2012-10-01,17627.57,7630.46,1671.79,1737.8100000000002
2012-11-01,26770.22,4898.35,4407.48,3234.37
2012-12-01,34374.77,4621.99,6717.46,7811.389999999999
2013-01-01,56886.52,9073.84,5007.11,11058.91
2013-02-01,68774.40000000001,6992.53,10484.9,24553.07
2013-03-01,63954.42,12996.7,5334.86,24842.48
2013-04-01,66362.67,7769.41,8099.17,25786.870000000003
2013-05-01,38557.25,5031.66,4428.44,21971.57
2013-06-01,44642.08,18909.65,3348.63,9928.019999999999
2013-07-01,35645.95,16444.5,2549.61,5227.43
2013-08-01,21971.870000000003,18303.47,2260.95,3206.79
2013-09-01,19573.02,17433.17,1845.65,2229.51
2013-10-01,27622.120000000003,13697.22,2013.98,2167.61
2013-11-01,29823.13,6631.65,2615.27,4351.92
2013-12-01,49772.979999999996,6590.53,8935.49,9422.63
2014-01-01,43867.520000000004,10161.779999999999,10864.33,17646.059999999998
2014-02-01,42199.560000000005,4864.72,4144.13,25842.61
2014-03-01,58287.659999999996,11021.93,3957.33,31795.120000000003
2014-04-01,53624.270000000004,8066.19,5263.16,29442.63
2014-05-01,36996.38,11697.39,3274.98,22395.82
2014-06-01,35906.75,40671.01,2167.41,10948.09
2014-07-01,24954.47,16109.39,2290.98,5762.05
2014-08-01,18946.21,6438.27,2116.3,3233.3999999999996
2014-09-01,16925.68,12542.93,1985.81,2251.66
2014-10-01,16193.869999999999,18495.68,1555.86,2198.9700000000003
2014-11-01,21762.920000000002,8197.24,2534.44,3374.34
2014-12-01,42086.22,7638.51,6532.36,7326.08
2015-01-01,33935.0,15632.77,3918.98,10658.26
2015-02-01,49351.57000000001,11654.21,4239.04,13848.999999999998
2015-03-01,59713.759999999995,7964.299999999999,5659.74,20376.160000000003
2015-04-01,51332.05,6978.129999999999,6790.29,22852.52
2015-05-01,43997.61,6724.28,4283.15,21324.85
2015-06-01,33646.06,13767.55,2565.38,10231.15
2015-07-01,35464.42,28280.13,2001.38,4898.13
2015-08-01,20487.210000000003,8140.370000000001,1727.61,2698.63
2015-09-01,23384.85,13665.630000000001,1379.04,1633.83
2015-10-01,22012.33,30730.78,1045.38,1472.1100000000001
2015-11-01,35128.13,18843.489999999998,1054.51,1761.6000000000001
2015-12-01,46233.58,21594.559999999998,3176.26,2145.0499999999997
2016-01-01,81848.28,14853.43,7341.91,6295.36
2016-02-01,61408.21,13803.89,13749.43,13301.740000000002
2016-03-01,68020.52999999998,14858.369999999999,4836.3,13003.46
2016-04-01,40506.979999999996,9638.24,2745.24,12789.300000000001
2016-05-01,35341.81,10888.75,1672.4,7664.63
2016-06-01,38624.19,9780.720000000001,1460.14,3679.48
2016-07-01,23176.4,10559.04,1250.11,2201.42
2016-08-01,21273.46,11448.810000000001,1290.51,1274.38
2016-09-01,18760.5,8873.32,1151.37,1147.13
2016-10-01,20139.54,12421.86,1330.9,1355.37
2016-11-01,28020.22,6695.75,2075.99,2290.9399999999996
2016-12-01,38136.770000000004,7414.84,5545.49,5349.32
2017-01-01,45073.5,11693.63,4106.35,9243.74
2017-02-01,51639.369999999995,8462.75,4911.21,21690.879999999997
2017-03-01,48228.75,5984.07,3512.99,25552.85
2017-04-01,40873.81,5446.58,2783.04,23020.78
2017-05-01,39980.31,14341.14,1651.28,13368.66
2017-06-01,34844.079999999994,28397.44,1534.61,6491.3099999999995
2017-07-01,20577.77,4232.360000000001,1268.89,3093.17
2017-08-01,17551.73,5171.889999999999,1201.22,1730.32
2017-09-01,13066.08,2703.63,1022.29,1196.35
2017-10-01,16231.35,10886.73,855.31,1051.67
2017-11-01,32015.510000000002,11997.59,1608.54,2096.45
2017-12-01,45561.51999999999,6492.469999999999,5849.84,6450.889999999999
2018-01-01,63947.03,14290.18,5413.69,9949.83
2018-02-01,59770.880000000005,7260.77,6754.1,22401.430000000004
2018-03-01,61879.48,6724.93,8002.62,26561.6
2018-04-01,49618.07,6072.360000000001,5556.68,27993.06
2018-05-01,31447.4,3088.46,2460.72,16569.1
2018-06-01,25004.719999999998,5052.32,1731.32,7315.860000000001
2018-07-01,18040.25,6521.0199999999995,1489.43,3778.8900000000003
2018-08-01,17137.649999999998,4792.64,1336.06,2242.36
2018-09-01,16381.73,11746.5,1276.2,1650.77
2018-10-01,25797.789999999997,16079.99,1415.82,1428.2199999999998
2018-11-01,40767.229999999996,10635.650000000001,3802.13,2800.38
2018-12-01,46257.99,5902.04,8736.48,9299.88
2019-01-01,42644.78,7468.67,5179.33,12399.52
2019-02-01,46923.18,6744.969999999999,3654.7,14994.039999999999
2019-03-01,67198.28,9504.759999999998,6240.33,23103.129999999997
2019-04-01,53351.920000000006,6652.42,6429.07,27189.25
2019-05-01,39067.1,14026.400000000001,4044.1,18900.019999999997
2019-06-01,31486.24,16356.52,2370.26,9329.310000000001
2019-07-01,22174.79,7060.82,1872.05,4483.85
2019-08-01,16487.190000000002,2855.25,1629.06,2484.7
2019-09-01,13910.59,3274.37,1307.98,1557.27
2019-10-01,14073.989999999998,5367.14,1024.16,1762.8899999999999
2019-11-01,19734.32,9331.75,1297.49,2609.54
2019-12-01,39690.3,4488.25,4716.08,4427.46
2020-01-01,49418.219999999994,3391.6800000000003,6104.28,9559.43
2020-02-01,74522.15,2718.4700000000003,11763.52,17315.440000000002
2020-03-01,71099.78,1849.75,13678.52,29817.23
2020-04-01,47944.8,1022.8199999999999,11753.93,30868.02
2020-05-01,32005.370000000003,1736.63,5592.23,24199.570000000003
2020-06-01,25177.640000000003,7119.45,3418.95,11390.04
2020-07-01,20592.799999999996,13303.99,2444.39,4966.700000000001
2020-08-01,17603.52,9821.0,2198.05,2421.2299999999996
2020-09-01,13235.359999999999,5076.32,1745.17,1760.6000000000001
2020-10-01,12383.960000000001,2766.4300000000003,1822.51,1362.5499999999997
2020-11-01,19070.28,2048.05,4713.28,3484.3500000000004
2020-12-01,30580.97,6968.5199999999995,4517.98,4748.65
2021-01-01,46109.70999999999,11618.83,6103.95,8538.33
2021-02-01,51554.23,10071.86,6022.34,16643.13
2021-03-01,52272.13999999999,4959.46,9855.97,29857.019999999997
2021-04-01,35109.37,2273.17,4107.03,24184.01
2021-05-01,25501.72,2507.44,2683.51,18215.23
2021-06-01,21779.6,6190.24,1596.92,7814.26
2021-07-01,15878.41,4589.82,1613.66,4269.45
2021-08-01,12381.34,3203.12,1359.65,2490.66
2021-09-01,11153.97,7626.97,1265.47,1813.06
2021-10-01,22168.28,12195.3,1311.85,2059.85
2021-11-01,29489.730000000003,5244.83,4133.98,6019.7
2021-12-01,42871.19,2151.68,9873.01,15768.43
2022-01-01,71486.91,2802.2,17924.3,35154.02
2022-02-01,77911.4,2751.33,20879.43,30791.51
2022-03-01,52802.399999999994,6989.55,17281.57,32730.28
2022-04-01,40963.27,10176.24,7449.24,29649.86
2022-05-01,26903.89,18906.010000000002,3678.36,17108.63
2022-06-01,24223.389999999996,24482.05,2857.03,8827.91
2022-07-01,16808.68,7823.289999999999,2444.6,4572.15
2022-08-01,16031.34,12662.619999999999,2056.09,2738.41
2022-09-01,16083.32,9727.71,2233.57,1762.21
2022-10-01,24489.42,20737.940000000002,1911.86,1717.8
2022-11-01,24422.6,7820.45,4270.08,3839.8499999999995
2022-12-01,42956.060000000005,8162.87,9538.95,10250.720000000001
2023-01-01,78044.93,7116.99,14460.67,20496.91
2023-02-01,73775.56999999999,7208.4,13849.94,22561.059999999998
2023-03-01,71016.28,8088.84,7842.18,28477.6
2023-04-01,55129.59,6187.790000000001,4286.63,28331.82
2023-05-01,36528.060000000005,5271.74,3760.69,19574.13
2023-06-01,30829.54,8249.45,2328.51,8306.5
2023-07-01,22844.97,16180.09,2205.14,4109.43
2023-08-01,18487.879999999997,8130.630000000001,2151.71,2185.66
2023-09-01,17256.07,16141.46,2063.15,1677.6499999999999
2023-10-01,22540.25,45329.619999999995,1565.34,1340.31
2023-11-01,26462.570000000003,46869.2,2162.11,1489.6899999999998
2023-12-01,28112.72,15491.28,1789.34,2308.68
2024-01-01,37010.95,10371.12,6410.21,6773.679999999999
2024-02-01,43479.8,7186.15,9634.44,16676.719999999998
2024-03-01,45817.939999999995,9729.439999999999,8608.22,19307.64
2024-04-01,46061.259999999995,8596.65,8086.73,23882.03
